{
  "Pepper__bell___Bacterial_spot": {
    "precision": 1.0,
    "recall": 1.0,
    "f1-score": 1.0,
    "support": 99.0
  },
  "Pepper__bell___healthy": {
    "precision": 0.9864864864864865,
    "recall": 0.9931972789115646,
    "f1-score": 0.9898305084745763,
    "support": 147.0
  },
  "Potato___Early_blight": {
    "precision": 0.99,
    "recall": 0.99,
    "f1-score": 0.99,
    "support": 100.0
  },
  "Potato___Late_blight": {
    "precision": 0.9705882352941176,
    "recall": 0.99,
    "f1-score": 0.9801980198019802,
    "support": 100.0
  },
  "Potato___healthy": {
    "precision": 0.9375,
    "recall": 1.0,
    "f1-score": 0.967741935483871,
    "support": 15.0
  },
  "Tomato_Bacterial_spot": {
    "precision": 0.9495412844036697,
    "recall": 0.9764150943396226,
    "f1-score": 0.9627906976744186,
    "support": 212.0
  },
  "Tomato_Early_blight": {
    "precision": 0.8454545454545455,
    "recall": 0.93,
    "f1-score": 0.8857142857142857,
    "support": 100.0
  },
  "Tomato_Late_blight": {
    "precision": 0.9783783783783784,
    "recall": 0.9526315789473684,
    "f1-score": 0.9653333333333334,
    "support": 190.0
  },
  "Tomato_Leaf_Mold": {
    "precision": 0.9166666666666666,
    "recall": 0.9263157894736842,
    "f1-score": 0.9214659685863874,
    "support": 95.0
  },
  "Tomato_Septoria_leaf_spot": {
    "precision": 0.9938650306748467,
    "recall": 0.9152542372881356,
    "f1-score": 0.9529411764705882,
    "support": 177.0
  },
  "Tomato_Spider_mites_Two_spotted_spider_mite": {
    "precision": 0.9322033898305084,
    "recall": 0.9880239520958084,
    "f1-score": 0.9593023255813954,
    "support": 167.0
  },
  "Tomato__Target_Spot": {
    "precision": 0.9754098360655737,
    "recall": 0.85,
    "f1-score": 0.9083969465648855,
    "support": 140.0
  },
  "Tomato__Tomato_YellowLeaf__Curl_Virus": {
    "precision": 0.9936708860759493,
    "recall": 0.98125,
    "f1-score": 0.9874213836477987,
    "support": 320.0
  },
  "Tomato__Tomato_mosaic_virus": {
    "precision": 0.9487179487179487,
    "recall": 1.0,
    "f1-score": 0.9736842105263158,
    "support": 37.0
  },
  "Tomato_healthy": {
    "precision": 0.9520958083832335,
    "recall": 1.0,
    "f1-score": 0.9754601226993865,
    "support": 159.0
  },
  "accuracy": 0.9635568513119533,
  "macro avg": {
    "precision": 0.958038566428795,
    "recall": 0.9662058620704121,
    "f1-score": 0.9613520609706148,
    "support": 2058.0
  },
  "weighted avg": {
    "precision": 0.9648047637839204,
    "recall": 0.9635568513119533,
    "f1-score": 0.9634721281720638,
    "support": 2058.0
  }
}